{
  "gay": "🌈✨ #nome# está irradiando #level#% de orgulho e alegria! O arco-íris brilha mais forte hoje! 🏳️‍🌈💖",
  "burro": "🐴🤪 #nome# registrou #level#% no medidor de bobagem! Talvez um Google University resolvesse... 📚😅",
  "inteligente": "🧠⚡ #nome# está operando com #level#% de puro QI! Einstein mandou parabéns! 🎓🤯",
  "otaku": "🎌🍜 #nome# atingiu #level#% de poder otaku! Já tem 127 animes na lista pra assistir! ⚔️✨",
  "fiel": "💍👑 #nome# demonstra #level#% de lealdade extrema! Mais fiel que cachorro de porteiro! 🐕❤️",
  "infiel": "💔🕵️ #nome# marcou #level#% de infidelidade! O coração é terra de ninguém mesmo... 🎭😏",
  "corno": "🐂👑 #nome# atinge #level#% no medidor de chifres! Será que tem fundamento ou é só folclore? 🤭📊",
  "gado": "🐄💨 #nome# está com #level#% de gadice premium! Correndo atrás feito maratonista! 🏃‍♂️💝",
  "gostoso": "🔥🌟 #nome# está irradiando #level#% de gostosura! Colírio para os olhos da galera! 😍✨",
  "feio": "👻😅 #nome# registra #level#% de beleza alternativa! Charme é questão de ângulo mesmo! 📐💫",
  "rico": "💰🏦 #nome# ostenta #level#% de fortuna! Nadando em dinheiro estilo Tio Patinhas! 🤑💎",
  "pobre": "💸🥺 #nome# está com #level#% de crise financeira! Quem faz uma vaquinha aí? 🐄💔",
  "pirocudo": "🍆🏆 #nome# apresenta #level#% de lenda urbana anatômica! Os mitos se confirmam... 👑😏",
  "pirokudo": "🍆⚡ #nome# registra #level#% no ranking da magnificência! Realidade ou ficção científica? 🔬😎",
  "nazista": "🚫💀 #nome# marcou #level#% numa vibe que NÃO rola! Respeito é lei aqui! ⚖️🛑",
  "ladrao": "🕵️‍♂️💼 #nome# tem #level#% de aura suspeita! Cuidado com o celular na mesa! 📱😂",
  "safado": "😏🔥 #nome# emite #level#% de safadeza controlada! Malemolência no sangue! 💃✨",
  "vesgo": "👀🎢 #nome# alcança #level#% de visão em multiperspectiva! Enxerga passado e futuro ao mesmo tempo! 🔮😂",
  "bebado": "🍻🎤 #nome# está com #level#% de alegria alcoólica! Hidratação urgente recomendada! 💧🥴",
  "machista": "🚫🏠 #nome# marcou #level#% de machismo. Século XXI pede evolução, mano! 🚀🤦‍♂️",
  "homofobico": "🏳️‍🌈🚫 #nome# registra #level#% de homofobia. Amor é amor, respeito é basicão! ❤️🔐",
  "racista": "✊🏿🚫 #nome# mostra #level#% de racismo. Diversidade é riqueza, preconceito é pobreza! 🌍❤️",
  "chato": "😴🔁 #nome# está com #level#% de energia repetitiva! Talvez um hobby novo resolva... 🎨😅",
  "sortudo": "🍀✨ #nome# vibra em #level#% de sorte cósmica! O universo conspira a favor! 🎆🔮",
  "sorte": "🔮🍀 #nome# está com #level#% de energia da sorte! As forças cósmicas estão alinhadas! ⭐💫",
  "azarado": "🍂😭 #nome# enfrenta #level#% de azar temporário! A roda da fortuna logo gira! 🎡💫",
  "forte": "💪⚡ #nome# opera a #level#% de força sobre-humana! Hulk ficou com inveja! 👊💥",
  "fraco": "🥴🍃 #nome# está em #level#% de modo energia baixa. Um açaí resolve! 🥤🏋️",
  "pegador": "💘🏆 #nome# está com #level#% de magnetismo irresistível! Corações em queda livre! 💥😍",
  "otario": "🤡🎠 #nome# atingiu #level#% de inocencia premium! Acredita até em horoscopo do zap! 😂📱",
  "macho": "🐂👑 #nome# em #level#% de postura alfa dominante! Testosterona no teto! 🗻💥",
  "bobo": "🤪🌈 #nome# tem #level#% de bobeira genuiná! Alegria infantil que contagia! 👼😂",
  "nerd": "👾🏆 #nome# carrega #level#% de poder intelectual supremo! XP infinito desbloqueado! 📚✨",
  "preguicoso": "😴🛋️ #nome# registra #level#% de estilo slow living! Produtividade é overrated mesmo... ☕😅",
  "trabalhador": "💼⚡ #nome# está em #level#% de produtividade extrema! Workaholic mode ativado! 💻🔥",
  "brabo": "😤🔥 #nome# chegando a #level#% de brabeza incontrolável! Melhor não cutucar a onça! 🐅💢",
  "lindo": "💎🌟 #nome# exibe #level#% de beleza radiante divina! Luz própria iluminando tudo! 😍✨",
  "malandro": "😏🎩 #nome# está em #level#% de malandragem controlada! Sempre com um plano B... 🧠👀",
  "simpatico": "🙂💖 #nome# transmite #level#% de simpatia irresistível! Impossível não gostar! 🥰💫",
  "engracado": "😂🎤 #nome# tem #level#% de humor nato! Stand-up comedy pronto para estourar! 🎭🔥",
  "charmoso": "💋✨ #nome# irradia #level#% de charme magnético sedutor! Quebra corações por onde passa! 😏💘",
  "misterioso": "🕵️‍♂️🔮 #nome# mantém #level#% de mistério no ar! Enigma ambulante! 🧐❓",
  "carinhoso": "💞🤗 #nome# emana #level#% de carinho puro! Aquece qualquer ambiente gelado! 🥰🔥",
  "desumilde": "🙄👑 #nome# está com #level#% de desumildade. Humildade cai bem pra todos! 😬📉",
  "humilde": "🙏🌟 #nome# vibra em #level#% de humildade genuína! Exemplo pra humanidade! ✨🏆",
  "ciumento": "👀💚 #nome# alcança #level#% de ciúmes! Espaço também é demonstração de amor! 😜💕",
  "corajoso": "🦁💪 #nome# mostra #level#% de coragem épica! Sem medo do próximo desafio! 💥⚔️",
  "covarde": "🐰😰 #nome# marca #level#% de recuo estratégico. Enfrentar é crescer! 😅💪",
  "esperto": "🧠⚡ #nome# opera em #level#% de esperteza ninja! Sai bem de qualquer enrascada! 😉🎯",
  "talarico": "🍑👀 #nome# registra #level#% de talaricagem suspeita! Olho nos contatinhos alheios! 📱😏",
  "chorao": "😭💧 #nome# atinge #level#% de sensibilidade aquática! Hidratação pelos olhos! 😜💦",
  "brincalhao": "😆🎪 #nome# tem #level#% de brincadeira infinita! Diversão garantida sempre! 🎠😂",
  "bolsonarista": "🇧🇷🗳️ #nome# está em #level#% de bolsonarismo. Opinião política registrada! ✌️📊",
  "petista": "🐾🌹 #nome# marca #level#% de petismo! Socialismo na veia correndo! 💚❤️",
  "comunista": "✊🚩 #nome# exibe #level#% de comunismo! Revolução imaginária mode on! 🟥⚔️",
  "lulista": "💚🐙 #nome# tem #level#% de lulismo! Slogan na ponta da língua sempre! 💛📢",
  "traidor": "💔🗡️ #nome# marca #level#% de traição! Confiança é coisa séria demais! 👀⚖️",
  "bandido": "🚨🏴‍☠️ #nome# está com #level#% de ficha suspeita! Melhor andar na linha! 😅🚔",
  "cachorro": "🐶🦴 #nome# tem #level#% de lealdade canina! Parceiro fiel pra tudo! 🐾❤️",
  "vagabundo": "🛋️💤 #nome# marca #level#% de vida mansa premium! Hora de levantar? 💪⏰",
  "pilantra": "🎩🃏 #nome# está com #level#% de pilantragem estilosa! Sempre no truque elegante! 😎🎭",
  "mito": "👑🔥 #nome# registra #level#% de status lendário! Aura poderosa dominando! 💥⚡",
  "padrao": "🔥💎 #nome# exibe #level#% de padrão desejado! Referência absoluta total! 🏆✨",
  "comedia": "😂🎤 #nome# tem #level#% de comédia situacional! Rir é totalmente inevitável! 🎪🤣",
  "psicopata": "🧠🔪 #nome# marcou #level#% no medidor sombrio! Melhor manter vigilância! 😈👁️",
  "fortao": "💪🦍 #nome# está a #level#% de modo fortão ativo! Monstro da academia! 🏋️💥",
  "magrelo": "🏃💨 #nome# está com #level#% de leveza extrema! Massa em construção urgente! 😂🍗",
  "bombado": "💥🏋️ #nome# atingiu #level#% de hipertrofia! Tanque de músculos ambulante! 💪⚡",
  "chefe": "👑💼 #nome# exerce #level#% de liderança nata! Autoridade natural comandando! 📈🔥",
  "presidente": "🇧🇷🏛️ #nome# alcança #level#% de presidência imaginária! Discurso pronto sempre! 🎤📜",
  "rei": "👑⚡ #nome# está com #level#% de realeza suprema! Trono reservado esperando! 🏰✨",
  "patrao": "💼👔 #nome# marca #level#% de energia patronal! Manda quem pode mesmo! 📊💰",
  "playboy": "💸🏎️ #nome# vibra em #level#% de ostentação! Rolê premium garantido! 💎🥂",
  "zueiro": "🎉😂 #nome# tem #level#% de zoeira infinita! A diversão nunca acaba! 🎪🤣",
  "gamer": "🎮👾 #nome# está em #level#% de performance gamer! GG fácil demais! 🏆⚡",
  "programador": "💻☕ #nome# opera a #level#% de lógica pura! Código e café correndo! 🖥️🔥",
  "visionario": "👀🚀 #nome# projeta #level#% de visão de futuro! Um passo à frente! 🔮💫",
  "billionario": "💰🌍 #nome# está com #level#% de aura bilionária! Sonhar alto faz parte! 🤑🏦",
  "poderoso": "💪⚡ #nome# em #level#% de poder ativo! Absolutamente imparável! 🔥👑",
  "vencedor": "🏆🚀 #nome# registra #level#% de mentalidade vencedora! O topo é logo ali! 🎯💥",
  "senhor": "👴🧓 #nome# está com #level#% de respeito e sabedoria! Experiência manda sempre! 📚👑",
  "rainha": "👸💎 #nome# irradia #level#% de energia real! Passarela do reino garantida! 👑✨",
  "fofoqueiro": "🍷💬 #nome# marca #level#% de fofocagem estilo! Quem conta um, conta dois! 📱😏",
  "dorminhoco": "😴🛌 #nome# atinge #level#% de sono profundo! Até thunder despierta! 💤😴",
  "comilao": "🍕🤤 #nome# tem #level#% de apetito decente! Geladeira é a melhor amiga! 🐷💪",
  "sedentario": "🛋️📺 #nome# registra #level#% de sedentarismo elegante! Sofá é templo sagrado! 🏛️😎",
  "atleta": "💪🏃 #nome# vibra em #level#% de saúde atlética! Academia é segunda casa! 🏋️⚡",
  "estudioso": "📚🎓 #nome# opera em #level#% de dedicação acadêmica! Wikipedia personalizado! 🤓📖",
  "romantico": "💕🌹 #nome# tem #level#% de romantismo puro! Corridos sertanejos included! 🎵❤️",
  "ciumento": "👀💚 #nome# marca #level#% de ciúmes extremos! GPS no celular da namorada! 📱🔒",
  "extrovertido": "🎉🙌 #nome# tem #level#% de energia social! Festa nunca é demais! 🎊🔥",
  "introvertido": "📖🛋️ #nome# vibra em #level#% de paz interior! Lar doce lar! 🏠💆",
  "calmo": "🧘♂️☮️ #nome# exibe #level#% de zen total! Meditação que intimida! 🕉️😌",
  "nervoso": "😬⚡ #nome# registra #level#% de energia nervosa! Cáfe é combustíveis! ☕💥",
  "organizado": "📋📁 #nome# marca #level#% de organização militar! Tabela Excel living! 🏅📊",
  "bagunceiro": "🌀😂 #nome# tem #level#% de caos controlado! Cada coisa no seu lugar... não! 🏠😄",
  "economico": "💰😏 #nome# tem #level#% de economia sa investments! Moeda forte no bolso! 🐷💪",
  "gastador": "💸🛒 #nome# vibra em #level#% de gastanço generoso! Black Friday e Natal! 🛍️💳",
  "saudavel": "🥗💪 #nome# registra #level#% de vida saudável! Raw food e vitamina! 🥬⚡",
  "doente": "🤒🤧 #nome# tem #level#% de sistema imunológico comprometido! Climate control! 🏠😷",
  "supersticioso": "🔮🧿 #nome# marca #level#% de superstição ativa! Azarazeiro não! 🐈⬛😬",
  "cetico": "🤔🧪 #nome# opera em #level#% de ceticismo saudável! Prova científica please! 🔬📊",
  "religioso": "🙏⛪ #nome# tem #level#% de fé inabalável! Church every Sunday! ✝️💪",
  "ateu": "🧠⚡ #nome# vibra em #level#% de racionalismo puro! Science over faith! 🔬😎",
  "tradicional": "👴🎩 #nome# marca #level#% de conservadorismo clássico! Old school forever! 🎭💼",
  "moderno": "📱🔥 #nome# tem #level#% de vibe contemporânea! Trendsetter confirmed! ⚡📈",
  "conservador": "⚖️💼 #nome# opera em #level#% de pensamento estruturado! Método e disciplina! 📋👔",
  "liberal": "🌈⚡ #nome# exibe #level#% de abertura mental! Freedom is the word! 🗽💫",
  "patriotico": "🇧🇷🛡️ #nome# registra #level#% de amor à pátria! Brazil above everything! 💛💚",
  "cosmopolita": "🌍✈️ #nome# tem #level#% de mentalidade global! Citizen of the world! 🌍💫",
  "rural": "🚜🌾 #nome# vibra em #level#% de essência caipira! Vida simples e feliz! 🌻🐄",
  "urbano": "🏙️🚇 #nome# marca #level#% de alma metropolitana! Concrete jungle warrior! 🏗️⚡",
  "aventureiro": "🗺️⚓ #nome# tem #level#% de espírito explorador! Next adventure calling! ⛰️🔍",
  "caseiro": "🏠🍿 #nome# opera em #level#% de comfort zone ativa! Netflix and chill master! 📺😴",
  "viajante": "✈️🌍 #nome# registra #level#% de wanderlust excessivo! Passaporte é biblia! 📋✈️",
  "local": "🏠👥 #nome# marca #level#% de amor pela terra natal! Comida da vó é a melhor! 🥰👵",
  "global": "🌐🌍 #nome# vibra em #level#% de consciência mundial! Planeta é nossa casa! 🌍💚",
  "tecnologico": "💻📱 #nome# tem #level#% de vibe digital! Future is now! 🤖⚡",
  "analogico": "📻📰 #nome# opera em #level#% de nostalgia analogica! Old school vibes! 🎵📻",
  "digital": "💾⚡ #nome# exibe #level#% de inteligência digital! Bytes and data! 🖥️🔥",
  "offline": "📵🔋 #nome# registra #level#% de pausa digital! Desintoxicação mode! 📚🌿",
  "online": "🌐💻 #nome# tem #level#% de presença virtual! Always connected! 📱💫",
  "social": "🎉👥 #nome# marca #level#% de magnetismo social! Network master! 🤝⚡",
  "antisocial": "😶‍🌫️👤 #nome# vibra em #level#% de solitude cool! Solo is beautiful! 🖤😌",
  "popular": "⭐👑 #nome# tem #level#% de carisma star! Everyone knows #nome! 🏆💫",
  "solitario": "🧘♂️🌙 #nome# exibe #level#% de auto-conhecimento profundo! Solitude is power! 🕯️💭",
  "lider": "👑💪 #nome# registra #level#% de liderança natural! Born to lead! 🦁⚡",
  "seguidor": "👥🤝 #nome# marca #level#% de teamwork spirit! Team player confirmed! 🤝😊",
  "independente": "🦅🔓 #nome# tem #level#% de liberdade individual! Free bird! 🦅🌟",
  "dependente": "🤝💕 #nome# vibra em #level#% de interdependência saudável! We stronger together! 💪🤝",
  "criativo": "🎨⚡ #nome# opera em #level#% de imaginação fértil! Art flowing! 🖌️✨",
  "pratico": "🔧📋 #nome# exibe #level#% de pragmatismo eficaz! Solutions master! 🛠️💡",
  "sonhador": "🌟💭 #nome# registra #level#% de visão poética! Dream big! 🎈🌙",
  "realista": "📊⚖️ #nome# tem #level#% de objetividade prática! Feet on the ground! 👣🏢",
  "otimista": "😊🌈 #nome# marca #level#% de esperança ativa! Glass half full! 🏆💪",
  "pessimista": "😔☁️ #nome# vibra em #level#% de cautela realista! Better safe than sorry! 🛡️🤔",
  "confiante": "💪✨ #nome# tem #level#% de auto-estima blindada! I got this! 🦸♂️⚡",
  "inseguro": "🤔😕 #nome# opera em #level#% de hesitação normal! Overthinking activated! 🧠💭",
  "maduro": "🍷💼 #nome# exibe #level#% de sabedoria experienciada! Life lessons learned! 📚👑",
  "infantil": "🍭🎈 #nome# registra #level#% de coração jovem! Forever young! 🧸💖",
  "serio": "😐📋 #nome# marca #level#% de formalidade profissional! Business mode! 👔💼",
  "brincalhao": "😂🎪 #nome# tem #level#% de humor unlimited! Life of the party! 🎭🤣",
  "responsavel": "📋✅ #nome# vibra em #level#% de compromisso ativo! Reliable af! 💪🏆",
  "irresponsavel": "🤷♂️😂 #nome# opera em #level#% de improviso controlado! YOLO master! 🏄♂️😎"
}