{
  "geral": [
    { "p": "Qual é o maior planeta do sistema solar?", "r": ["jupiter", "júpiter"], "d": "Júpiter" },
    { "p": "Quantos ossos tem o corpo humano adulto?", "r": ["206"], "d": "206" },
    { "p": "Qual é o elemento químico representado pelo símbolo 'O'?", "r": ["oxigenio", "oxigênio"], "d": "Oxigênio" },
    { "p": "Em que ano o Brasil foi descoberto?", "r": ["1500"], "d": "1500" },
    { "p": "Qual é a capital da Austrália?", "r": ["canberra", "camberra"], "d": "Canberra" },
    { "p": "Quantos continentes existem no mundo?", "r": ["7", "sete"], "d": "7" },
    { "p": "Qual é o maior oceano do mundo?", "r": ["pacifico", "pacífico"], "d": "Pacífico" },
    { "p": "Quem pintou a Mona Lisa?", "r": ["leonardo da vinci", "da vinci", "leonardo"], "d": "Leonardo da Vinci" },
    { "p": "Qual é a capital do Brasil?", "r": ["brasilia", "brasília"], "d": "Brasília" },
    { "p": "Quantos estados tem o Brasil?", "r": ["26", "vinte e seis"], "d": "26 estados + DF" },
    { "p": "Qual é o menor país do mundo?", "r": ["vaticano"], "d": "Vaticano" },
    { "p": "Qual é o maior país do mundo em área?", "r": ["russia", "rússia"], "d": "Rússia" },
    { "p": "Qual é o rio mais longo do mundo?", "r": ["nilo"], "d": "Rio Nilo" },
    { "p": "Qual é a montanha mais alta do mundo?", "r": ["everest", "monte everest"], "d": "Monte Everest" },
    { "p": "Quantos planetas tem o sistema solar?", "r": ["8", "oito"], "d": "8 planetas" },
    { "p": "Qual é o planeta mais próximo do Sol?", "r": ["mercurio", "mercúrio"], "d": "Mercúrio" },
    { "p": "Qual é o planeta mais distante do Sol?", "r": ["netuno", "néptuno"], "d": "Netuno" },
    { "p": "Qual é a velocidade da luz?", "r": ["300000", "300.000", "299792"], "d": "~300.000 km/s" },
    { "p": "Quem escreveu Dom Casmurro?", "r": ["machado de assis", "machado"], "d": "Machado de Assis" },
    { "p": "Qual é o maior mamífero do mundo?", "r": ["baleia azul", "baleia"], "d": "Baleia Azul" }
  ],
  "anime": [
    { "p": "Qual é o nome do protagonista de Naruto?", "r": ["naruto", "naruto uzumaki"], "d": "Naruto Uzumaki" },
    { "p": "Em Death Note, qual é o nome do shinigami que dá o caderno a Light?", "r": ["ryuk"], "d": "Ryuk" },
    { "p": "Qual é o nome do titan de Eren em Attack on Titan?", "r": ["titan atacante", "attack titan", "titã atacante"], "d": "Titã Atacante" },
    { "p": "Quantas Dragon Balls são necessárias para invocar Shenlong?", "r": ["7", "sete"], "d": "7" },
    { "p": "Qual é o nome do irmão mais velho de Luffy em One Piece?", "r": ["ace", "portgas d ace"], "d": "Ace" },
    { "p": "Em qual anime aparece o personagem Goku?", "r": ["dragon ball", "dragonball", "dbz"], "d": "Dragon Ball" },
    { "p": "Qual é o nome da organização vilã em Naruto Shippuden?", "r": ["akatsuki"], "d": "Akatsuki" },
    { "p": "Qual é o verdadeiro nome de L em Death Note?", "r": ["l lawliet", "lawliet"], "d": "L Lawliet" },
    { "p": "Qual é o poder de All Might em My Hero Academia?", "r": ["one for all", "oneforall"], "d": "One For All" },
    { "p": "Qual é o nome do protagonista de Demon Slayer?", "r": ["tanjiro", "tanjiro kamado"], "d": "Tanjiro Kamado" },
    { "p": "Em Fullmetal Alchemist, qual é o nome do irmão de Edward?", "r": ["alphonse", "al"], "d": "Alphonse Elric" },
    { "p": "Qual é o nome do protagonista de Tokyo Ghoul?", "r": ["ken kaneki", "kaneki"], "d": "Ken Kaneki" },
    { "p": "Qual é o nome do protagonista de Jujutsu Kaisen?", "r": ["yuji itadori", "itadori", "yuji"], "d": "Yuji Itadori" },
    { "p": "Qual é o nome do protagonista de Chainsaw Man?", "r": ["denji"], "d": "Denji" },
    { "p": "Qual é o nome do protagonista de Mob Psycho 100?", "r": ["shigeo kageyama", "mob", "shigeo"], "d": "Shigeo Kageyama" },
    { "p": "Qual é o nome do protagonista de One Punch Man?", "r": ["saitama"], "d": "Saitama" },
    { "p": "Qual é o nome do protagonista de JoJo's Bizarre Adventure Part 3?", "r": ["jotaro kujo", "jotaro"], "d": "Jotaro Kujo" },
    { "p": "Qual é o nome do protagonista de Bleach?", "r": ["ichigo kurosaki", "ichigo"], "d": "Ichigo Kurosaki" },
    { "p": "Qual é o nome do protagonista de Hunter x Hunter?", "r": ["gon freecss", "gon"], "d": "Gon Freecss" },
    { "p": "Qual é o nome do protagonista de Attack on Titan?", "r": ["eren yeager", "eren"], "d": "Eren Yeager" }
  ],
  "games": [
    { "p": "Qual é o nome do personagem principal de The Legend of Zelda?", "r": ["link"], "d": "Link" },
    { "p": "Em que ano foi lançado o primeiro Minecraft?", "r": ["2011"], "d": "2011" },
    { "p": "Qual é o nome da princesa em Super Mario?", "r": ["peach", "princesa peach"], "d": "Princesa Peach" },
    { "p": "Quantos jogadores tem um time de CS:GO/CS2?", "r": ["5", "cinco"], "d": "5" },
    { "p": "Qual empresa criou o Fortnite?", "r": ["epic games", "epic"], "d": "Epic Games" },
    { "p": "Qual é o nome do protagonista de God of War?", "r": ["kratos"], "d": "Kratos" },
    { "p": "Em qual cidade se passa GTA V?", "r": ["los santos"], "d": "Los Santos" },
    { "p": "Qual é a moeda do jogo League of Legends?", "r": ["rp", "riot points", "be", "blue essence"], "d": "RP ou Blue Essence" },
    { "p": "Qual é o nome do protagonista de The Witcher 3?", "r": ["geralt", "geralt de rivia"], "d": "Geralt de Rivia" },
    { "p": "Qual é o nome do protagonista de Red Dead Redemption 2?", "r": ["arthur morgan", "arthur"], "d": "Arthur Morgan" },
    { "p": "Qual é o nome do protagonista de Assassin's Creed?", "r": ["altair", "ezio", "desmond"], "d": "Vários protagonistas" },
    { "p": "Qual é o nome do protagonista de Horizon Zero Dawn?", "r": ["aloy"], "d": "Aloy" },
    { "p": "Qual é o nome do protagonista de The Last of Us?", "r": ["joel", "ellie"], "d": "Joel ou Ellie" },
    { "p": "Qual é o nome do protagonista de Persona 5?", "r": ["ren amamiya", "joker", "ren"], "d": "Ren Amamiya (Joker)" },
    { "p": "Qual é o nome do protagonista de Final Fantasy VII?", "r": ["cloud strife", "cloud"], "d": "Cloud Strife" },
    { "p": "Qual é o nome do protagonista de Metal Gear Solid?", "r": ["solid snake", "snake"], "d": "Solid Snake" },
    { "p": "Qual é o nome do protagonista de Uncharted?", "r": ["nathan drake", "nathan", "drake"], "d": "Nathan Drake" },
    { "p": "Qual é o nome do protagonista de Tomb Raider?", "r": ["lara croft", "lara"], "d": "Lara Croft" },
    { "p": "Qual é o nome do protagonista de Doom?", "r": ["doomguy", "doom slayer"], "d": "Doom Slayer" },
    { "p": "Qual é o nome do protagonista de Half-Life?", "r": ["gordon freeman", "gordon"], "d": "Gordon Freeman" }
  ],
  "ciencia": [
    { "p": "Qual é a fórmula química da água?", "r": ["h2o"], "d": "H2O" },
    { "p": "Quantos planetas tem o sistema solar?", "r": ["8", "oito"], "d": "8" },
    { "p": "Qual é a velocidade da luz em km/s (aproximado)?", "r": ["300000", "300.000", "299792"], "d": "~300.000 km/s" },
    { "p": "Quem formulou a teoria da relatividade?", "r": ["einstein", "albert einstein"], "d": "Albert Einstein" },
    { "p": "Qual é o símbolo químico do ouro?", "r": ["au"], "d": "Au" },
    { "p": "Quantos cromossomos tem uma célula humana normal?", "r": ["46", "quarenta e seis"], "d": "46" },
    { "p": "Qual planeta é conhecido como Planeta Vermelho?", "r": ["marte", "mars"], "d": "Marte" },
    { "p": "Qual é o maior órgão do corpo humano?", "r": ["pele"], "d": "Pele" },
    { "p": "Quantos átomos tem uma molécula de água?", "r": ["3", "tres", "três"], "d": "3 (2 de hidrogênio, 1 de oxigênio)" },
    { "p": "Qual é a unidade básica da vida?", "r": ["celula", "célula"], "d": "Célula" },
    { "p": "Qual é o gás mais abundante na atmosfera terrestre?", "r": ["nitrogenio", "nitrogênio"], "d": "Nitrogênio (~78%)" },
    { "p": "Qual é a temperatura de ebulição da água ao nível do mar?", "r": ["100", "cem"], "d": "100°C" },
    { "p": "Quantos ossos tem o crânio humano?", "r": ["22", "vinte e dois"], "d": "22 ossos" },
    { "p": "Qual é o menor osso do corpo humano?", "r": ["estribo"], "d": "Estribo (no ouvido)" },
    { "p": "Qual é a força que mantém os planetas em órbita?", "r": ["gravidade", "gravitacao"], "d": "Gravidade" },
    { "p": "Qual é o elemento químico mais abundante no universo?", "r": ["hidrogenio", "hidrogênio"], "d": "Hidrogênio" },
    { "p": "Quantos músculos tem o corpo humano?", "r": ["600", "seiscentos"], "d": "~600 músculos" },
    { "p": "Qual é a velocidade do som no ar?", "r": ["343", "340"], "d": "~343 m/s" },
    { "p": "Qual é o pH da água pura?", "r": ["7", "sete"], "d": "7 (neutro)" },
    { "p": "Qual é o nome do processo de divisão celular?", "r": ["mitose", "meiose"], "d": "Mitose ou Meiose" }
  ],
  "historia": [
    { "p": "Em que ano começou a Segunda Guerra Mundial?", "r": ["1939"], "d": "1939" },
    { "p": "Quem foi o primeiro presidente do Brasil?", "r": ["deodoro", "deodoro da fonseca", "marechal deodoro"], "d": "Marechal Deodoro da Fonseca" },
    { "p": "Em que ano o homem pisou na Lua pela primeira vez?", "r": ["1969"], "d": "1969" },
    { "p": "Qual civilização construiu as pirâmides de Gizé?", "r": ["egipcia", "egípcia", "egito", "egipcios"], "d": "Egípcia" },
    { "p": "Quem descobriu o Brasil?", "r": ["pedro alvares cabral", "cabral", "pedro cabral"], "d": "Pedro Álvares Cabral" },
    { "p": "Em que ano acabou a escravidão no Brasil?", "r": ["1888"], "d": "1888" },
    { "p": "Em que ano foi proclamada a República do Brasil?", "r": ["1889"], "d": "1889" },
    { "p": "Quem foi o primeiro imperador do Brasil?", "r": ["dom pedro i", "pedro i"], "d": "Dom Pedro I" },
    { "p": "Em que ano começou a Primeira Guerra Mundial?", "r": ["1914"], "d": "1914" },
    { "p": "Qual foi o último imperador do Brasil?", "r": ["dom pedro ii", "pedro ii"], "d": "Dom Pedro II" },
    { "p": "Em que ano foi assinada a Declaração de Independência dos EUA?", "r": ["1776"], "d": "1776" },
    { "p": "Quem foi o líder da Revolução Russa de 1917?", "r": ["lenin", "vladimir lenin"], "d": "Vladimir Lenin" },
    { "p": "Em que ano caiu o Muro de Berlim?", "r": ["1989"], "d": "1989" },
    { "p": "Qual foi a primeira capital do Brasil?", "r": ["salvador"], "d": "Salvador" },
    { "p": "Em que ano foi fundada a cidade de São Paulo?", "r": ["1554"], "d": "1554" },
    { "p": "Quem foi o primeiro homem a viajar ao espaço?", "r": ["yuri gagarin", "gagarin"], "d": "Yuri Gagarin" },
    { "p": "Em que ano terminou a Segunda Guerra Mundial?", "r": ["1945"], "d": "1945" },
    { "p": "Qual foi o primeiro país a abolir a escravidão?", "r": ["portugal"], "d": "Portugal (1761)" },
    { "p": "Em que ano foi criada a internet?", "r": ["1969", "1983"], "d": "1969 (ARPANET) ou 1983 (TCP/IP)" },
    { "p": "Quem foi o primeiro presidente eleito do Brasil após a ditadura?", "r": ["tancredo neves", "tancredo"], "d": "Tancredo Neves (mas faleceu antes de assumir)" }
  ],
  "geografia": [
    { "p": "Qual é o maior país do mundo em área?", "r": ["russia", "rússia"], "d": "Rússia" },
    { "p": "Qual é o menor país do mundo?", "r": ["vaticano"], "d": "Vaticano" },
    { "p": "Qual é o maior oceano do mundo?", "r": ["pacifico", "pacífico"], "d": "Oceano Pacífico" },
    { "p": "Qual é o rio mais longo do mundo?", "r": ["nilo"], "d": "Rio Nilo" },
    { "p": "Qual é a montanha mais alta do mundo?", "r": ["everest", "monte everest"], "d": "Monte Everest" },
    { "p": "Qual é a capital da França?", "r": ["paris", "paris"], "d": "Paris" },
    { "p": "Qual é a capital do Japão?", "r": ["toquio", "tokyo"], "d": "Tóquio" },
    { "p": "Quantos países fazem fronteira com o Brasil?", "r": ["10", "dez"], "d": "10 países" },
    { "p": "Qual é o maior deserto do mundo?", "r": ["antartida", "antártida", "sahara"], "d": "Antártida (deserto frio) ou Saara (deserto quente)" },
    { "p": "Qual é a capital da Rússia?", "r": ["moscou", "moscow"], "d": "Moscou" },
    { "p": "Qual é o maior lago do mundo?", "r": ["mar caspio", "caspio"], "d": "Mar Cáspio" },
    { "p": "Qual é a capital da China?", "r": ["pequim", "beijing"], "d": "Pequim" },
    { "p": "Qual é o maior arquipélago do mundo?", "r": ["indonesia", "indonésia"], "d": "Indonésia" },
    { "p": "Qual é a capital da Índia?", "r": ["nova delhi", "delhi"], "d": "Nova Delhi" },
    { "p": "Qual é o maior país da América do Sul?", "r": ["brasil"], "d": "Brasil" },
    { "p": "Qual é a capital da Austrália?", "r": ["canberra", "camberra"], "d": "Canberra" },
    { "p": "Qual é o maior país da África?", "r": ["argelia", "argélia"], "d": "Argélia" },
    { "p": "Qual é a capital do Egito?", "r": ["cairo"], "d": "Cairo" },
    { "p": "Qual é o maior país da Europa?", "r": ["russia", "rússia"], "d": "Rússia (parte europeia)" },
    { "p": "Qual é a capital do Canadá?", "r": ["ottawa"], "d": "Ottawa" }
  ],
  "esportes": [
    { "p": "Quantos jogadores tem um time de futebol em campo?", "r": ["11", "onze"], "d": "11 jogadores" },
    { "p": "Qual é o esporte mais popular do Brasil?", "r": ["futebol"], "d": "Futebol" },
    { "p": "Quantos sets tem uma partida de tênis?", "r": ["3", "5", "tres", "cinco"], "d": "3 ou 5 sets" },
    { "p": "Qual é o maior campeonato de futebol do mundo?", "r": ["copa do mundo", "mundial"], "d": "Copa do Mundo" },
    { "p": "Quantos jogadores tem um time de basquete em quadra?", "r": ["5", "cinco"], "d": "5 jogadores" },
    { "p": "Qual é o esporte nacional do Brasil?", "r": ["futebol"], "d": "Futebol" },
    { "p": "Quantos jogadores tem um time de vôlei em quadra?", "r": ["6", "seis"], "d": "6 jogadores" },
    { "p": "Qual é a altura do aro de basquete?", "r": ["3.05", "305"], "d": "3,05 metros" },
    { "p": "Quantos jogadores tem um time de handebol em quadra?", "r": ["7", "sete"], "d": "7 jogadores" },
    { "p": "Qual é o esporte mais rápido do mundo?", "r": ["badminton"], "d": "Badminton (a peteca pode chegar a 493 km/h)" },
    { "p": "Quantos jogadores tem um time de futebol americano em campo?", "r": ["11", "onze"], "d": "11 jogadores" },
    { "p": "Qual é o esporte mais antigo do mundo?", "r": ["atletismo", "corrida"], "d": "Atletismo/Corrida" },
    { "p": "Quantos jogadores tem um time de beisebol em campo?", "r": ["9", "nove"], "d": "9 jogadores" },
    { "p": "Qual é o esporte mais popular do mundo?", "r": ["futebol"], "d": "Futebol" },
    { "p": "Quantos jogadores tem um time de rugby em campo?", "r": ["15", "quinze"], "d": "15 jogadores" },
    { "p": "Qual é o esporte nacional do Japão?", "r": ["sumo"], "d": "Sumô" },
    { "p": "Quantos jogadores tem um time de hóquei no gelo em campo?", "r": ["6", "seis"], "d": "6 jogadores" },
    { "p": "Qual é o esporte mais popular nos EUA?", "r": ["futebol americano", "nfl"], "d": "Futebol Americano (NFL)" },
    { "p": "Quantos jogadores tem um time de polo aquático em campo?", "r": ["7", "sete"], "d": "7 jogadores" },
    { "p": "Qual é o esporte mais caro do mundo?", "r": ["formula 1", "f1"], "d": "Fórmula 1" }
  ]
}

